<?xml version="1.0" encoding="UTF-8"?>
<beans xmlns="http://www.springframework.org/schema/beans"
	xmlns:xsi="http://www.w3.org/2001/XMLSchema-instance" xmlns:p="http://www.springframework.org/schema/p"
	xmlns:aop="http://www.springframework.org/schema/aop" xmlns:tx="http://www.springframework.org/schema/tx"
	xmlns:context="http://www.springframework.org/schema/context"
	xmlns:jms="http://www.springframework.org/schema/jms" xmlns:jee="http://www.springframework.org/schema/jee"
	xsi:schemaLocation="http://www.springframework.org/schema/beans http://www.springframework.org/schema/beans/spring-beans-3.0.xsd
        http://www.springframework.org/schema/aop http://www.springframework.org/schema/aop/spring-aop-3.0.xsd
        http://www.springframework.org/schema/tx http://www.springframework.org/schema/tx/spring-tx-3.0.xsd
	http://www.springframework.org/schema/context http://www.springframework.org/schema/context/spring-context-3.0.xsd
        http://www.springframework.org/schema/jms http://www.springframework.org/schema/jms/spring-jms-3.0.xsd
        http://www.springframework.org/schema/jee http://www.springframework.org/schema/jee/spring-jee-3.0.xsd">

    <context:component-scan base-package="com.soa" />
    <aop:aspectj-autoproxy />
    <context:property-placeholder location="/WEB-INF/system.properties" />

    <jee:jndi-lookup id="dataSource" jndi-name="jdbc/sqjwDB"/>
    <bean id="jdbcTemplate" class="org.springframework.jdbc.core.JdbcTemplate">
        <property name="dataSource" ref="dataSource" />
    </bean>
	<!-- JDBC 事物管理 -->
    <bean id="txManage"
		class="org.springframework.jdbc.datasource.DataSourceTransactionManager">
        <property name="dataSource" ref="dataSource"></property>
    </bean>
    <tx:annotation-driven transaction-manager="txManage" />

    <!-- util-frame.jar 提供的简单工具对象 -->
    <bean id="rowMapperByCol" class="com.lianzt.jdbc.RowMapperByCol" />
    <bean id="resultSetExtractorByCol" class="com.lianzt.jdbc.ResultSetExtractorByCol" />
    <bean id="resultSetExtractorByNotNullCol" class="com.lianzt.jdbc.ResultSetExtractorByNotNullCol" />

</beans>