<?xml version="1.0" encoding="UTF-8"?>
<beans xmlns="http://www.springframework.org/schema/beans"
       xmlns:xsi="http://www.w3.org/2001/XMLSchema-instance"
       xmlns:p="http://www.springframework.org/schema/p"
       xmlns:aop="http://www.springframework.org/schema/aop"
       xmlns:tx="http://www.springframework.org/schema/tx"
       xmlns:context="http://www.springframework.org/schema/context"
       xmlns:mvc="http://www.springframework.org/schema/mvc"
       xsi:schemaLocation="http://www.springframework.org/schema/beans http://www.springframework.org/schema/beans/spring-beans-3.0.xsd
       http://www.springframework.org/schema/aop http://www.springframework.org/schema/aop/spring-aop-3.0.xsd
       http://www.springframework.org/schema/tx http://www.springframework.org/schema/tx/spring-tx-3.0.xsd
       http://www.springframework.org/schema/context http://www.springframework.org/schema/context/spring-context-3.0.xsd
       http://www.springframework.org/schema/mvc http://www.springframework.org/schema/mvc/spring-mvc-3.0.xsd">

    <context:component-scan base-package="com.soa.controller" />
    <bean id="viewResolver"
          class="org.springframework.web.servlet.view.InternalResourceViewResolver"
          p:prefix="/WEB-INF/jsp/"
          p:suffix=".jsp" />

    <!-- 异常日志 -->
    <bean id="exceptionResolver" class="org.springframework.web.servlet.handler.SimpleMappingExceptionResolver">
        <property name="defaultErrorView">
            <value>/error</value>
        </property>
        <property name="warnLogCategory">
            <value>org.springframework.web.servlet.handler.SimpleMappingExceptionResolver</value>
        </property>
    </bean>
    
    <!-- 拦截器 -->
    <mvc:interceptors>
        <!-- 计算每一个请求的耗时 -->
        <mvc:interceptor>
            <mvc:mapping path="/**" />
            <bean class="com.soa.interceptor.ReqTimeInterceptor" />
        </mvc:interceptor>
        <!-- cookie session -->
        <mvc:interceptor>
            <mvc:mapping path="/**" />
            <bean class="com.soa.interceptor.CookiesInterceptor" />
        </mvc:interceptor>
        <!-- 把ajax请示转发到/ajax.do控制器，而不管之前的地址是什么，必须放在拦截器栈的最后一位 -->
        <mvc:interceptor>
            <mvc:mapping path="/**" />
            <bean class="com.soa.interceptor.ForwardAjaxInterceptor">
                <property name="systemController" ref="systemController" />
            </bean>
        </mvc:interceptor>
    </mvc:interceptors>
</beans>
